{"cameraMode":{"drawMode":0,"name":"Shaded","section":"Shading Mode"},"sceneLighting":false,"audioPlay":false,"sceneViewState":{"m_AlwaysRefresh":false,"showFog":true,"showSkybox":false,"showFlares":true,"showImageEffects":true,"showParticleSystems":true,"showVisualEffectGraphs":true,"m_FxEnabled":true},"in2DMode":false,"pivot":{"x":0.5008000135421753,"y":0.21699999272823335,"z":-1.489799976348877},"rotation":{"x":0.25413867831230166,"y":-0.6692836880683899,"z":0.2629823386669159,"w":0.6467742919921875},"size":0.02449488639831543,"orthographic":false}