{"cameraMode":{"drawMode":0,"name":"Shaded","section":"Shading Mode"},"sceneLighting":true,"audioPlay":false,"sceneViewState":{"m_AlwaysRefresh":false,"showFog":true,"showSkybox":true,"showFlares":true,"showImageEffects":true,"showParticleSystems":true,"showVisualEffectGraphs":true,"m_FxEnabled":true},"in2DMode":false,"pivot":{"x":0.8274483680725098,"y":-0.820151686668396,"z":-1.1181925535202027},"rotation":{"x":0.16765651106834413,"y":-0.6745710968971252,"z":0.16143564879894257,"w":0.7005631923675537},"size":2.2764110565185549,"orthographic":false}